dataset_id,display_name,source,source_id,source_url,license_or_terms,source_version,raw_sha256,task_type,target_column,n_rows,n_classes,class_counts,ir_majority_minority,n_min_class,d_raw,d_encoded,feature_type,has_missing,has_groups,has_time_order,has_duplicates,leakage_status,imbalance_band,eligible,exclusion_reason,applicable_conditions,notes
openml_6_letter,letter,OpenML,openml:6,https://openml.org/data/v1/download/6/letter.arff,OpenML public; underlying source terms recorded in OpenML description,1,04d180e7111360195943813cf6951bf037405d44cfe117132bd424fc8ee44795,single-label-classification,class,20000,26,A:789|B:766|C:736|D:805|E:768|F:775|G:773|H:734|I:755|J:747|K:739|L:761|M:792|N:783|O:753|P:803|Q:783|R:758|S:748|T:796|U:813|V:764|W:752|X:787|Y:786|Z:734,1.1076294277929155,734,16,,numeric,False,False,False,True,pass; raw-frame structural audit found no group/time/conflicting-profile issue,near_balanced_ir_lt_2,True,,adasyn;balanced_random_forest;borderline_smote;class_weighted;random_over;random_under;raw;smote;smoteenn;smotetomek,Structural eligibility only; no benchmark scores inspected. duplicate_rows=1332; conflicting_feature_groups=0; numeric_columns=16; categorical_columns=0.
openml_11_balance_scale,balance-scale,OpenML,openml:11,https://openml.org/data/v1/download/11/balance-scale.arff,OpenML public; underlying source terms recorded in OpenML description,1,00875c2d2311f78d06c4a997a390839712a9f4734eb9a030a56aed9e0df887f4,single-label-classification,class,625,3,B:49|L:288|R:288,5.877551020408164,49,4,,numeric,False,False,False,False,pass; raw-frame structural audit found no group/time/conflicting-profile issue,moderate_ir_5_to_20,True,,adasyn;balanced_random_forest;borderline_smote;class_weighted;random_over;random_under;raw;smote;smoteenn;smotetomek,Structural eligibility only; no benchmark scores inspected. duplicate_rows=0; conflicting_feature_groups=0; numeric_columns=4; categorical_columns=0.
openml_12_mfeat_factors,mfeat-factors,OpenML,openml:12,https://openml.org/data/v1/download/12/mfeat-factors.arff,OpenML public; underlying source terms recorded in OpenML description,1,38417909bac6f47c555b9ac3560be134ee53e1c6965a3c181a85fe6ffae45bb5,single-label-classification,class,2000,10,1:200|10:200|2:200|3:200|4:200|5:200|6:200|7:200|8:200|9:200,1.0,200,216,,numeric,False,False,False,True,pass; raw-frame structural audit found no group/time/conflicting-profile issue,near_balanced_ir_lt_2,True,,adasyn;balanced_random_forest;borderline_smote;class_weighted;random_over;random_under;raw;smote;smoteenn;smotetomek,Structural eligibility only; no benchmark scores inspected. duplicate_rows=6; conflicting_feature_groups=0; numeric_columns=216; categorical_columns=0.
openml_23_cmc,cmc,OpenML,openml:23,https://openml.org/data/v1/download/23/cmc.arff,OpenML public; underlying source terms recorded in OpenML description,1,0a42de56db54f5e51830227dfc3efa2bee3120f2634dc623ed99dad0459ec5b3,single-label-classification,Contraceptive_method_used,1473,3,1:629|2:333|3:511,1.8888888888888888,333,9,,mixed,False,False,False,True,pass; raw-frame structural audit found no group/time/conflicting-profile issue,near_balanced_ir_lt_2,True,,balanced_random_forest;class_weighted;random_over;random_under;raw;smoteenn;smotenc;smotetomek,Structural eligibility only; no benchmark scores inspected. duplicate_rows=48; conflicting_feature_groups=62; numeric_columns=2; categorical_columns=7.
openml_28_optdigits,optdigits,OpenML,openml:28,https://openml.org/data/v1/download/28/optdigits.arff,OpenML public; underlying source terms recorded in OpenML description,1,b8faefdae7b578bf8ac43c20093c36dc31cdd109fbdff642737f0edfb83bd454,single-label-classification,class,5620,10,0:554|1:571|2:557|3:572|4:568|5:558|6:558|7:566|8:554|9:562,1.032490974729242,554,64,,numeric,False,False,False,False,pass; raw-frame structural audit found no group/time/conflicting-profile issue,near_balanced_ir_lt_2,True,,adasyn;balanced_random_forest;borderline_smote;class_weighted;random_over;random_under;raw;smote;smoteenn;smotetomek,Structural eligibility only; no benchmark scores inspected. duplicate_rows=0; conflicting_feature_groups=0; numeric_columns=64; categorical_columns=0.
openml_35_dermatology,dermatology,OpenML,openml:35,https://openml.org/data/v1/download/35/dermatology.arff,OpenML public; underlying source terms recorded in OpenML description,1,44a2db9466d17f2e3350f7f0133de23603181ccb43c94eceb85ae738406b470f,single-label-classification,class,366,6,1:112|2:61|3:72|4:49|5:52|6:20,5.6,20,34,,mixed,True,False,False,False,pass; raw-frame structural audit found no group/time/conflicting-profile issue,moderate_ir_5_to_20,True,,balanced_random_forest;class_weighted;random_over;random_under;raw;smoteenn;smotenc;smotetomek,Structural eligibility only; no benchmark scores inspected. duplicate_rows=0; conflicting_feature_groups=0; numeric_columns=1; categorical_columns=33.
openml_61_iris,iris,OpenML,openml:61,https://openml.org/data/v1/download/61/iris.arff,OpenML public; underlying source terms recorded in OpenML description,1,69a2774d46b2c322afba26d54109f90ffeeac617b0f771a168d696e66059da6c,single-label-classification,class,150,3,Iris-setosa:50|Iris-versicolor:50|Iris-virginica:50,1.0,50,4,,numeric,False,False,False,True,pass; raw-frame structural audit found no group/time/conflicting-profile issue,near_balanced_ir_lt_2,True,,adasyn;balanced_random_forest;borderline_smote;class_weighted;random_over;random_under;raw;smote;smoteenn;smotetomek,Structural eligibility only; no benchmark scores inspected. duplicate_rows=3; conflicting_feature_groups=0; numeric_columns=4; categorical_columns=0.
openml_185_baseball,baseball,OpenML,openml:185,https://openml.org/data/v1/download/185/baseball.arff,OpenML public; underlying source terms recorded in OpenML description,1,c6b03ead5cc540cdacd19da9c16f490af152ac987541e54ea589957500ba7912,single-label-classification,Hall_of_Fame,1340,3,0:1215|1:57|2:68,21.31578947368421,57,16,,mixed,True,False,False,False,pass; raw-frame structural audit found no group/time/conflicting-profile issue,severe_ir_gt_20,True,,balanced_random_forest;class_weighted;random_over;random_under;raw;smoteenn;smotenc;smotetomek,Structural eligibility only; no benchmark scores inspected. duplicate_rows=0; conflicting_feature_groups=0; numeric_columns=15; categorical_columns=1.
openml_187_wine,wine,OpenML,openml:187,https://openml.org/data/v1/download/187/wine.arff,OpenML public; underlying source terms recorded in OpenML description,1,8b6d7891b2b42b595b92df0b10d9648260760b89aef142d7abb10f5c022e971a,single-label-classification,class,178,3,1:59|2:71|3:48,1.4791666666666667,48,13,,numeric,False,False,False,False,pass; raw-frame structural audit found no group/time/conflicting-profile issue,near_balanced_ir_lt_2,True,,adasyn;balanced_random_forest;borderline_smote;class_weighted;random_over;random_under;raw;smote;smoteenn;smotetomek,Structural eligibility only; no benchmark scores inspected. duplicate_rows=0; conflicting_feature_groups=0; numeric_columns=13; categorical_columns=0.
openml_188_eucalyptus,eucalyptus,OpenML,openml:188,https://openml.org/data/v1/download/188/eucalyptus.arff,OpenML public; underlying source terms recorded in OpenML description,1,cfa175ef0056f1de2c6ada001ee2576573b79e283e0c71b5f6fda488e4482039,single-label-classification,Utility,736,5,average:130|best:105|good:214|low:107|none:180,2.038095238095238,105,19,,mixed,True,False,False,False,pass; raw-frame structural audit found no group/time/conflicting-profile issue,mild_ir_2_to_5,True,,balanced_random_forest;class_weighted;random_over;random_under;raw;smoteenn;smotenc;smotetomek,Structural eligibility only; no benchmark scores inspected. duplicate_rows=0; conflicting_feature_groups=0; numeric_columns=14; categorical_columns=5.
openml_327_bridges,bridges,OpenML,openml:327,https://openml.org/data/v1/download/327/bridges.arff,OpenML public; underlying source terms recorded in OpenML description,3,f78863d42b85ea31e668cb38d28182945a569ef42dfebcb07b1b20159773b3c8,single-label-classification,TYPE,105,6,ARCH:13|CANTILEV:11|CONT-T:10|SIMPLE-T:44|SUSPEN:11|WOOD:16,4.4,10,11,,mixed,True,False,False,False,pass; raw-frame structural audit found no group/time/conflicting-profile issue,mild_ir_2_to_5,True,,balanced_random_forest;class_weighted;random_over;random_under;raw;smoteenn;smotenc;smotetomek,Structural eligibility only; no benchmark scores inspected. duplicate_rows=0; conflicting_feature_groups=0; numeric_columns=3; categorical_columns=8.
openml_329_hayes_roth,hayes-roth,OpenML,openml:329,https://openml.org/data/v1/download/329/hayes-roth.arff,OpenML public; underlying source terms recorded in OpenML description,1,26bd3aca4a16ba82c58d7b33828433668de770bcd2d2c3794131f5568dafb5cf,single-label-classification,class,160,3,1:65|2:64|3:31,2.096774193548387,31,4,,numeric,False,False,False,True,pass; raw-frame structural audit found no group/time/conflicting-profile issue,mild_ir_2_to_5,True,,adasyn;balanced_random_forest;borderline_smote;class_weighted;random_over;random_under;raw;smote;smoteenn;smotetomek,Structural eligibility only; no benchmark scores inspected. duplicate_rows=67; conflicting_feature_groups=9; numeric_columns=4; categorical_columns=0.
openml_338_grub_damage,grub-damage,OpenML,openml:338,https://openml.org/data/v1/download/338/grub-damage.arff,OpenML public; underlying source terms recorded in OpenML description,1,ce98691d53c2f4171428ec0bb59a888c5973bfba05ac8e65975a1acc7a0f6337,single-label-classification,GG_new,155,4,average:41|high:46|low:49|veryhigh:19,2.5789473684210527,19,8,,mixed,False,False,False,False,pass; raw-frame structural audit found no group/time/conflicting-profile issue,mild_ir_2_to_5,True,,balanced_random_forest;class_weighted;random_over;random_under;raw;smoteenn;smotenc;smotetomek,Structural eligibility only; no benchmark scores inspected. duplicate_rows=0; conflicting_feature_groups=0; numeric_columns=2; categorical_columns=6.
openml_373_unix_user_data,UNIX_user_data,OpenML,openml:373,https://openml.org/data/v1/download/373/UNIX_user_data.arff,OpenML public; underlying source terms recorded in OpenML description,1,c8f46decbb49ac86354c71a38d8516cae17f039b5627a26b65cc8c768fea4aa8,single-label-classification,user,9100,9,USER0:562|USER1:488|USER2:755|USER3:484|USER4:911|USER5:546|USER6:2425|USER7:1339|USER8:1590,5.010330578512397,484,2,,numeric,False,False,False,False,pass; raw-frame structural audit found no group/time/conflicting-profile issue,moderate_ir_5_to_20,True,,adasyn;balanced_random_forest;borderline_smote;class_weighted;random_over;random_under;raw;smote;smoteenn;smotetomek,Structural eligibility only; no benchmark scores inspected. duplicate_rows=0; conflicting_feature_groups=14; numeric_columns=2; categorical_columns=0.
openml_452_analcatdata_broadwaymult,analcatdata_broadwaymult,OpenML,openml:452,https://openml.org/data/v1/download/452/analcatdata_broadwaymult.arff,OpenML public; underlying source terms recorded in OpenML description,1,27de0c155ed1d542364c3e3d8933281620d8c85e45622a31ac0d97b84acb0372,single-label-classification,Count,285,7,0:118|1:34|2:32|3:21|4:25|5:21|6:34,5.619047619047619,21,7,,mixed,True,False,False,False,pass; raw-frame structural audit found no group/time/conflicting-profile issue,moderate_ir_5_to_20,True,,balanced_random_forest;class_weighted;random_over;random_under;raw;smoteenn;smotenc;smotetomek,Structural eligibility only; no benchmark scores inspected. duplicate_rows=0; conflicting_feature_groups=0; numeric_columns=3; categorical_columns=4.
openml_455_cars,cars,OpenML,openml:455,https://openml.org/data/v1/download/455/cars.arff,OpenML public; underlying source terms recorded in OpenML description,1,532629995f39a616ae8d48111af844d91510d9a180d57d9f745514fb6b9a1bfc,single-label-classification,origin,406,3,1:254|2:73|3:79,3.4794520547945207,73,7,,mixed,True,False,False,False,pass; raw-frame structural audit found no group/time/conflicting-profile issue,mild_ir_2_to_5,True,,balanced_random_forest;class_weighted;random_over;random_under;raw;smoteenn;smotenc;smotetomek,Structural eligibility only; no benchmark scores inspected. duplicate_rows=0; conflicting_feature_groups=0; numeric_columns=6; categorical_columns=1.
openml_458_analcatdata_authorship,analcatdata_authorship,OpenML,openml:458,https://openml.org/data/v1/download/458/analcatdata_authorship.arff,OpenML public; underlying source terms recorded in OpenML description,1,070119a49866acc0f367126544ea51d63129cb1f6431f3c0be2669cac7fb06b5,single-label-classification,Author,841,4,Austen:317|London:296|Milton:55|Shakespeare:173,5.763636363636364,55,70,,numeric,False,False,False,False,pass; raw-frame structural audit found no group/time/conflicting-profile issue,moderate_ir_5_to_20,True,,adasyn;balanced_random_forest;borderline_smote;class_weighted;random_over;random_under;raw;smote;smoteenn;smotetomek,Structural eligibility only; no benchmark scores inspected. duplicate_rows=0; conflicting_feature_groups=0; numeric_columns=70; categorical_columns=0.
openml_473_cjs,cjs,OpenML,openml:473,https://openml.org/data/v1/download/473/cjs.arff,OpenML public; underlying source terms recorded in OpenML description,1,04ad8d712000854a1189f62b21134cb955b20b4c46f32b91eeeb06ade84dd24a,single-label-classification,TR,2796,6,EL_500_20g/L:576|EL_500_4g/L:341|PP_333_20g/L:680|PP_333_4g/L:511|control:414|methanol_control:274,2.4817518248175183,274,34,,mixed,True,False,False,False,pass; raw-frame structural audit found no group/time/conflicting-profile issue,mild_ir_2_to_5,True,,balanced_random_forest;class_weighted;random_over;random_under;raw;smoteenn;smotenc;smotetomek,Structural eligibility only; no benchmark scores inspected. duplicate_rows=0; conflicting_feature_groups=0; numeric_columns=32; categorical_columns=2.
openml_694_diggle_table_a2,diggle_table_a2,OpenML,openml:694,https://openml.org/data/v1/download/694/diggle_table_a2.arff,OpenML public; underlying source terms recorded in OpenML description,1,50088771b173ecaa48ca7d21b8c387feff2a64e74238aa4250e3585ef06dcc90,single-label-classification,col_1,310,9,76:18|77:41|78:39|79:40|80:35|81:38|82:40|83:39|84:20,2.2777777777777777,18,8,,numeric,False,False,False,False,pass; raw-frame structural audit found no group/time/conflicting-profile issue,mild_ir_2_to_5,True,,adasyn;balanced_random_forest;borderline_smote;class_weighted;random_over;random_under;raw;smote;smoteenn;smotetomek,Structural eligibility only; no benchmark scores inspected. duplicate_rows=0; conflicting_feature_groups=0; numeric_columns=8; categorical_columns=0.
openml_1100_popularkids,PopularKids,OpenML,openml:1100,https://openml.org/data/v1/download/1100/PopularKids.arff,OpenML public; underlying source terms recorded in OpenML description,1,60a27babd1d9de07d0b8adc6b575ebb58e963f423e2660cda89aa66eca73b85e,single-label-classification,Goals,478,3,Grades:247|Popular:141|Sports:90,2.7444444444444445,90,10,,mixed,False,False,False,True,pass; raw-frame structural audit found no group/time/conflicting-profile issue,mild_ir_2_to_5,True,,balanced_random_forest;class_weighted;random_over;random_under;raw;smoteenn;smotenc;smotetomek,Structural eligibility only; no benchmark scores inspected. duplicate_rows=86; conflicting_feature_groups=52; numeric_columns=6; categorical_columns=4.
openml_1459_artificial_characters,artificial-characters,OpenML,openml:1459,https://openml.org/data/v1/download/1459/artificial-characters.arff,OpenML public; underlying source terms recorded in OpenML description,1,b3f0c409a49d5cea4ca360f640564a5663139c8ad508beba030bda04ea851266,single-label-classification,Class,10218,10,1:1196|10:600|2:1192|3:1416|4:808|5:1008|6:1000|7:800|8:1198|9:1000,2.36,600,7,,numeric,False,False,False,True,pass; raw-frame structural audit found no group/time/conflicting-profile issue,mild_ir_2_to_5,True,,adasyn;balanced_random_forest;borderline_smote;class_weighted;random_over;random_under;raw;smote;smoteenn;smotetomek,Structural eligibility only; no benchmark scores inspected. duplicate_rows=5327; conflicting_feature_groups=27; numeric_columns=7; categorical_columns=0.
openml_1466_cardiotocography,cardiotocography,OpenML,openml:1466,https://openml.org/data/v1/download/1466/cardiotocography.arff,OpenML public; underlying source terms recorded in OpenML description,1,a97c576873553bddeef445d3f7f6316ce6cf93d8132ca01277f16bf31a407c09,single-label-classification,Class,2126,10,1:384|10:197|2:579|3:53|4:81|5:72|6:332|7:252|8:107|9:69,10.924528301886792,53,35,,numeric,False,False,False,True,pass; raw-frame structural audit found no group/time/conflicting-profile issue,moderate_ir_5_to_20,True,,adasyn;balanced_random_forest;borderline_smote;class_weighted;random_over;random_under;raw;smote;smoteenn;smotetomek,Structural eligibility only; no benchmark scores inspected. duplicate_rows=11; conflicting_feature_groups=0; numeric_columns=35; categorical_columns=0.
openml_1468_cnae_9,cnae-9,OpenML,openml:1468,https://openml.org/data/v1/download/1468/cnae-9.arff,OpenML public; underlying source terms recorded in OpenML description,1,34821705413b37ff8af6c0fc564c245e1807017dd53c2129b1a0310c1d8f046a,single-label-classification,Class,1080,9,1:120|2:120|3:120|4:120|5:120|6:120|7:120|8:120|9:120,1.0,120,856,,numeric,False,False,False,True,pass; raw-frame structural audit found no group/time/conflicting-profile issue,near_balanced_ir_lt_2,True,,adasyn;balanced_random_forest;borderline_smote;class_weighted;random_over;random_under;raw;smote;smoteenn;smotetomek,Structural eligibility only; no benchmark scores inspected. duplicate_rows=28; conflicting_feature_groups=0; numeric_columns=856; categorical_columns=0.
openml_1475_first_order_theorem_proving,first-order-theorem-proving,OpenML,openml:1475,https://openml.org/data/v1/download/1475/first-order-theorem-proving.arff,OpenML public; underlying source terms recorded in OpenML description,1,09b95978a3cc41e716c8e0f73b8c5b0717629cdcb3725306e67bbaee63670344,single-label-classification,Class,6118,6,1:1089|2:486|3:748|4:617|5:624|6:2554,5.255144032921811,486,51,,numeric,False,False,False,True,pass; raw-frame structural audit found no group/time/conflicting-profile issue,moderate_ir_5_to_20,True,,adasyn;balanced_random_forest;borderline_smote;class_weighted;random_over;random_under;raw;smote;smoteenn;smotetomek,Structural eligibility only; no benchmark scores inspected. duplicate_rows=482; conflicting_feature_groups=118; numeric_columns=51; categorical_columns=0.
openml_1499_seeds,seeds,OpenML,openml:1499,https://openml.org/data/v1/download/1499/seeds.arff,OpenML public; underlying source terms recorded in OpenML description,1,f4d06d37c4a6fd23c8165e5d6d38c5fd820068a188e30df3faaee0c3eff43114,single-label-classification,Class,210,3,1:70|2:70|3:70,1.0,70,7,,numeric,False,False,False,False,pass; raw-frame structural audit found no group/time/conflicting-profile issue,near_balanced_ir_lt_2,True,,adasyn;balanced_random_forest;borderline_smote;class_weighted;random_over;random_under;raw;smote;smoteenn;smotetomek,Structural eligibility only; no benchmark scores inspected. duplicate_rows=0; conflicting_feature_groups=0; numeric_columns=7; categorical_columns=0.
openml_1508_user_knowledge,user-knowledge,OpenML,openml:1508,https://openml.org/data/v1/download/1508/user-knowledge.arff,OpenML public; underlying source terms recorded in OpenML description,1,143b3e2c948d1ed4fe77e54da8c8121fdf1073e1bd93ec05607f8070f753355a,single-label-classification,Class,403,5,1:102|2:129|3:122|4:24|5:26,5.375,24,5,,numeric,False,False,False,False,pass; raw-frame structural audit found no group/time/conflicting-profile issue,moderate_ir_5_to_20,True,,adasyn;balanced_random_forest;borderline_smote;class_weighted;random_over;random_under;raw;smote;smoteenn;smotetomek,Structural eligibility only; no benchmark scores inspected. duplicate_rows=0; conflicting_feature_groups=0; numeric_columns=5; categorical_columns=0.
openml_1519_robot_failures_lp4,robot-failures-lp4,OpenML,openml:1519,https://openml.org/data/v1/download/1519/robot-failures-lp4.arff,OpenML public; underlying source terms recorded in OpenML description,1,31b0a1c8c0362df3fb324ece51f71491ab140494e460fca43da73e5c7c8923b1,single-label-classification,Class,117,3,1:72|2:24|3:21,3.4285714285714284,21,90,,numeric,False,False,False,True,pass; raw-frame structural audit found no group/time/conflicting-profile issue,mild_ir_2_to_5,True,,adasyn;balanced_random_forest;borderline_smote;class_weighted;random_over;random_under;raw;smote;smoteenn;smotetomek,Structural eligibility only; no benchmark scores inspected. duplicate_rows=1; conflicting_feature_groups=0; numeric_columns=90; categorical_columns=0.
openml_1523_vertebra_column,vertebra-column,OpenML,openml:1523,https://openml.org/data/v1/download/1523/vertebra-column.arff,OpenML public; underlying source terms recorded in OpenML description,1,1755edeb1619de5db61a2cc19dceaf27e6772dd4a16189346b31b94b90cb3573,single-label-classification,Class,310,3,1:60|2:100|3:150,2.5,60,6,,numeric,False,False,False,False,pass; raw-frame structural audit found no group/time/conflicting-profile issue,mild_ir_2_to_5,True,,adasyn;balanced_random_forest;borderline_smote;class_weighted;random_over;random_under;raw;smote;smoteenn;smotetomek,Structural eligibility only; no benchmark scores inspected. duplicate_rows=0; conflicting_feature_groups=0; numeric_columns=6; categorical_columns=0.
openml_1559_breast_tissue,breast-tissue,OpenML,openml:1559,https://openml.org/data/v1/download/1559/breast-tissue.arff,OpenML public; underlying source terms recorded in OpenML description,2,378b8cb152b3f595f96980430784b6ede622cb377f23c774471576cdb3ebd8a9,single-label-classification,Class,106,4,1:49|2:22|3:21|4:14,3.5,14,9,,numeric,False,False,False,True,pass; raw-frame structural audit found no group/time/conflicting-profile issue,mild_ir_2_to_5,True,,adasyn;balanced_random_forest;borderline_smote;class_weighted;random_over;random_under;raw;smote;smoteenn;smotetomek,Structural eligibility only; no benchmark scores inspected. duplicate_rows=1; conflicting_feature_groups=0; numeric_columns=9; categorical_columns=0.
openml_40474_thyroid_allbp,thyroid-allbp,OpenML,openml:40474,https://openml.org/data/v1/download/40474/thyroid-allbp.arff,OpenML public; underlying source terms recorded in OpenML description,1,c10d45bc44d4792b7f815ce8a5cc7c93e8fbd0eedd49bd23d657295d10879439,single-label-classification,Class,2800,5,1:1632|2:91|3:275|4:31|5:771,52.645161290322584,31,26,,mixed,False,False,False,True,pass; raw-frame structural audit found no group/time/conflicting-profile issue,severe_ir_gt_20,True,,balanced_random_forest;class_weighted;random_over;random_under;raw;smoteenn;smotenc;smotetomek,Structural eligibility only; no benchmark scores inspected. duplicate_rows=49; conflicting_feature_groups=0; numeric_columns=6; categorical_columns=20.
openml_40671_ecoli,ecoli,OpenML,openml:40671,https://openml.org/data/v1/download/40671/ecoli.arff,OpenML public; underlying source terms recorded in OpenML description,3,6e91f09ebbe0aec1a259c240f7f2bae187d7df9c67dc8afe31e84e90088dd3e6,single-label-classification,class,327,5,0:143|1:77|4:35|5:20|7:52,7.15,20,7,,numeric,False,False,False,False,pass; raw-frame structural audit found no group/time/conflicting-profile issue,moderate_ir_5_to_20,True,,adasyn;balanced_random_forest;borderline_smote;class_weighted;random_over;random_under;raw;smote;smoteenn;smotetomek,Structural eligibility only; no benchmark scores inspected. duplicate_rows=0; conflicting_feature_groups=0; numeric_columns=7; categorical_columns=0.
openml_40691_wine_quality_red,wine-quality-red,OpenML,openml:40691,https://openml.org/data/v1/download/40691/wine-quality-red.arff,OpenML public; underlying source terms recorded in OpenML description,1,62e78f24cb976abe144ea6f013b7bb2c743aa22ca018a529423312bbb7094110,single-label-classification,class,1599,6,3:10|4:53|5:681|6:638|7:199|8:18,68.1,10,11,,numeric,False,False,False,True,pass; raw-frame structural audit found no group/time/conflicting-profile issue,severe_ir_gt_20,True,,adasyn;balanced_random_forest;borderline_smote;class_weighted;random_over;random_under;raw;smote;smoteenn;smotetomek,Structural eligibility only; no benchmark scores inspected. duplicate_rows=240; conflicting_feature_groups=0; numeric_columns=11; categorical_columns=0.
openml_40700_cars1,cars1,OpenML,openml:40700,https://openml.org/data/v1/download/40700/cars1.arff,OpenML public; underlying source terms recorded in OpenML description,1,ca981e5207a82a9f0fbcaadfbaa57e24cfbce936f555ec75006b9a219dda7ea3,single-label-classification,class,392,3,0:68|1:79|2:245,3.6029411764705883,68,7,,mixed,False,False,False,False,review-fail; manual provenance decision,mild_ir_2_to_5,False,exclude: duplicate OpenML task family with openml_455_cars; one underlying task counts once,balanced_random_forest;class_weighted;random_over;random_under;raw;smoteenn;smotenc;smotetomek,Structural eligibility only; no benchmark scores inspected. duplicate_rows=0; conflicting_feature_groups=0; numeric_columns=6; categorical_columns=1.
openml_40982_steel_plates_fault,steel-plates-fault,OpenML,openml:40982,https://openml.org/data/v1/download/40982/steel-plates-fault.arff,OpenML public; underlying source terms recorded in OpenML description,3,897894197774a87f2dc941644e4c7085034e553069f902f7462384050b67856f,single-label-classification,target,1941,7,Bumps:402|Dirtiness:55|K_Scratch:391|Other_Faults:673|Pastry:158|Stains:72|Z_Scratch:190,12.236363636363636,55,27,,numeric,False,False,False,False,pass; raw-frame structural audit found no group/time/conflicting-profile issue,moderate_ir_5_to_20,True,,adasyn;balanced_random_forest;borderline_smote;class_weighted;random_over;random_under;raw;smote;smoteenn;smotetomek,Structural eligibility only; no benchmark scores inspected. duplicate_rows=0; conflicting_feature_groups=0; numeric_columns=27; categorical_columns=0.
openml_40985_tamilnadu_electricity,tamilnadu-electricity,OpenML,openml:40985,https://openml.org/data/v1/download/40985/tamilnadu-electricity.arff,OpenML public; underlying source terms recorded in OpenML description,3,7b29afb1c903eb7d8a533febbc5f25258c588cbdb2c91d1acb64a888933016c3,single-label-classification,Class,45781,20,1:1410|10:2874|11:2870|12:1403|13:2896|14:1397|15:1403|16:1418|17:1405|18:1400|19:1405|2:2867|20:2888|3:2884|4:2905|5:2830|6:2887|7:2876|8:2857|9:2906,2.08017179670723,1397,2,,mixed,False,False,False,False,review-fail; manual provenance decision,mild_ir_2_to_5,False,exclude: electricity observations are time/season structured and no time-aware split is declared,balanced_random_forest;class_weighted;random_over;random_under;raw;smoteenn;smotenc;smotetomek,Structural eligibility only; no benchmark scores inspected. duplicate_rows=0; conflicting_feature_groups=0; numeric_columns=2; categorical_columns=0.
openml_41082_usps,USPS,OpenML,openml:41082,https://openml.org/data/v1/download/41082/USPS.arff,OpenML public; underlying source terms recorded in OpenML description,2,ea4a70bf32366789eefaab327492854606dca3f3059a2c41ecee26cf3265e3b3,single-label-classification,int0,9298,10,1:1553|10:821|2:1269|3:929|4:824|5:852|6:716|7:834|8:792|9:708,2.193502824858757,708,256,,numeric,False,False,False,False,pass; raw-frame structural audit found no group/time/conflicting-profile issue,mild_ir_2_to_5,True,,adasyn;balanced_random_forest;borderline_smote;class_weighted;random_over;random_under;raw;smote;smoteenn;smotetomek,Structural eligibility only; no benchmark scores inspected. duplicate_rows=0; conflicting_feature_groups=0; numeric_columns=256; categorical_columns=0.
openml_41164_fabert,fabert,OpenML,openml:41164,https://openml.org/data/v1/download/41164/fabert.arff,OpenML public; underlying source terms recorded in OpenML description,1,1578cd57c57cf88e08e5e379ed5f3ddceba804177710670e633baea5b333ea73,single-label-classification,class,8237,7,0:933|1:1433|2:1927|3:1515|4:979|5:948|6:502,3.8386454183266934,502,800,,numeric,False,False,False,False,pass; raw-frame structural audit found no group/time/conflicting-profile issue,mild_ir_2_to_5,True,,adasyn;balanced_random_forest;borderline_smote;class_weighted;random_over;random_under;raw;smote;smoteenn;smotetomek,Structural eligibility only; no benchmark scores inspected. duplicate_rows=0; conflicting_feature_groups=0; numeric_columns=800; categorical_columns=0.
openml_41168_jannis,jannis,OpenML,openml:41168,https://openml.org/data/v1/download/41168/jannis.arff,OpenML public; underlying source terms recorded in OpenML description,1,01db34851b8a98b04e9fa5fb4904f135574a4393db2b5bf621dc0540af5e25e0,single-label-classification,class,83733,4,0:1687|1:28790|2:14734|3:38522,22.834617664493184,1687,54,,numeric,False,False,False,False,pass; raw-frame structural audit found no group/time/conflicting-profile issue,severe_ir_gt_20,True,,adasyn;balanced_random_forest;borderline_smote;class_weighted;random_over;random_under;raw;smote;smoteenn;smotetomek,Structural eligibility only; no benchmark scores inspected. duplicate_rows=0; conflicting_feature_groups=0; numeric_columns=54; categorical_columns=0.
openml_41169_helena,helena,OpenML,openml:41169,https://openml.org/data/v1/download/41169/helena.arff,OpenML public; underlying source terms recorded in OpenML description,1,528025e396c8df0deca7b0aaeebe49acda135ffe83b5bc27319c967c75f30e50,single-label-classification,class,65196,100,0:466|1:291|10:111|11:479|12:436|13:385|14:321|15:541|16:358|17:2210|18:224|19:132|2:141|20:845|21:310|22:262|23:509|24:227|25:719|26:737|27:327|28:264|29:846|3:257|30:581|31:230|32:119|33:122|34:116|35:129|36:183|37:339|38:2216|39:2623|4:439|40:2992|41:179|42:145|43:600|44:316|45:337|46:588|47:196|48:822|49:212|5:272|50:190|51:397|52:551|53:146|54:133|55:3063|56:121|57:1794|58:212|59:1302|6:1096|60:382|61:453|62:190|63:952|64:680|65:168|66:439|67:535|68:236|69:2172|7:500|70:297|71:326|72:567|73:299|74:142|75:121|76:544|77:1827|78:4005|79:1274|8:188|80:214|81:166|82:374|83:232|84:177|85:765|86:443|87:1002|88:1856|89:351|9:797|90:128|91:1939|92:1811|93:411|94:180|95:162|96:1188|97:1822|98:305|99:417,36.08108108108108,111,27,,numeric,False,False,False,True,pass; raw-frame structural audit found no group/time/conflicting-profile issue,severe_ir_gt_20,True,,adasyn;balanced_random_forest;borderline_smote;class_weighted;random_over;random_under;raw;smote;smoteenn;smotetomek,Structural eligibility only; no benchmark scores inspected. duplicate_rows=4; conflicting_feature_groups=0; numeric_columns=27; categorical_columns=0.
openml_41440_okcupid_stem,okcupid-stem,OpenML,openml:41440,https://openml.org/data/v1/download/41440/okcupid-stem.arff,OpenML public; underlying source terms recorded in OpenML description,2,73c72165b6282d9bbd27a5b485c065a32d31ef1797babf63e138d5711410b901,single-label-classification,job,50789,3,non_stem:36350|stem:9557|student:4882,7.445718967636215,4882,19,,mixed,True,False,False,True,pass; raw-frame structural audit found no group/time/conflicting-profile issue,moderate_ir_5_to_20,True,,balanced_random_forest;class_weighted;random_over;random_under;raw;smoteenn;smotenc;smotetomek,Structural eligibility only; no benchmark scores inspected. duplicate_rows=4; conflicting_feature_groups=1; numeric_columns=2; categorical_columns=17.
openml_41671_microaggregation2,microaggregation2,OpenML,openml:41671,https://openml.org/data/v1/download/41671/microaggregation2.arff,OpenML public; underlying source terms recorded in OpenML description,1,4916cc095dafa7909a788922d0434c2639ffe704715fc6fbee0daf90e11df9f8,single-label-classification,class,20000,5,1:11162|2:4482|3:1514|4:743|5:2099,15.022880215343204,743,20,,numeric,False,False,False,False,pass; raw-frame structural audit found no group/time/conflicting-profile issue,moderate_ir_5_to_20,True,,adasyn;balanced_random_forest;borderline_smote;class_weighted;random_over;random_under;raw;smote;smoteenn;smotetomek,Structural eligibility only; no benchmark scores inspected. duplicate_rows=0; conflicting_feature_groups=0; numeric_columns=20; categorical_columns=0.
openml_41701_cpmp_2015_classification,CPMP-2015-classification,OpenML,openml:41701,https://openml.org/data/v1/download/41701/CPMP-2015-classification.arff,OpenML public; underlying source terms recorded in OpenML description,1,a21216255175fe804df688d13daf785e45cb9ce5966662ce4a47f0a90607cf5a,single-label-classification,algorithm,527,4,astar.symmulgt.transmul:78|astar.symmullt.transmul:84|idastar.symmulgt.transmul:157|idastar.symmullt.transmul:208,2.6666666666666665,78,26,,mixed,False,False,False,False,pass; raw-frame structural audit found no group/time/conflicting-profile issue,mild_ir_2_to_5,True,,balanced_random_forest;class_weighted;random_over;random_under;raw;smoteenn;smotenc;smotetomek,Structural eligibility only; no benchmark scores inspected. duplicate_rows=0; conflicting_feature_groups=0; numeric_columns=25; categorical_columns=1.
openml_41705_asp_potassco_classification,ASP-POTASSCO-classification,OpenML,openml:41705,https://openml.org/data/v1/download/41705/ASP-POTASSCO-classification.arff,OpenML public; underlying source terms recorded in OpenML description,1,e480a1ce23d1911bdd6c29ab895256f1c9335a4394111061ebce7057c89ddeca,single-label-classification,algorithm,1294,11,clasp.2.1.3.h1.n1:240|clasp.2.1.3.h10.n1:258|clasp.2.1.3.h11.n1:75|clasp.2.1.3.h2.n1:87|clasp.2.1.3.h3.n1:21|clasp.2.1.3.h4.n1:125|clasp.2.1.3.h5.n1:65|clasp.2.1.3.h6.n1:151|clasp.2.1.3.h7.n1:88|clasp.2.1.3.h8.n1:109|clasp.2.1.3.h9.n1:75,12.285714285714286,21,142,,mixed,True,False,False,False,pass; raw-frame structural audit found no group/time/conflicting-profile issue,moderate_ir_5_to_20,True,,balanced_random_forest;class_weighted;random_over;random_under;raw;smoteenn;smotenc;smotetomek,Structural eligibility only; no benchmark scores inspected. duplicate_rows=0; conflicting_feature_groups=0; numeric_columns=141; categorical_columns=1.
openml_41919_cpmp_2015_runtime_classification,CPMP-2015-runtime-classification,OpenML,openml:41919,https://openml.org/data/v1/download/41919/CPMP-2015-runtime-classification.arff,OpenML public; underlying source terms recorded in OpenML description,1,a0648df02d39f8d9ee4d26098e547f2a2805f3b264bbd320db5a62da2e415582,single-label-classification,algorithm,527,4,astar.symmulgt.transmul:78|astar.symmullt.transmul:84|idastar.symmulgt.transmul:157|idastar.symmullt.transmul:208,2.6666666666666665,78,22,,numeric,False,False,False,False,pass; raw-frame structural audit found no group/time/conflicting-profile issue,mild_ir_2_to_5,True,,adasyn;balanced_random_forest;borderline_smote;class_weighted;random_over;random_under;raw;smote;smoteenn;smotetomek,Structural eligibility only; no benchmark scores inspected. duplicate_rows=0; conflicting_feature_groups=0; numeric_columns=22; categorical_columns=0.
openml_42345_traffic_violations,Traffic_violations,OpenML,openml:42345,https://openml.org/data/v1/download/42345/Traffic_violations.arff,OpenML public; underlying source terms recorded in OpenML description,5,3e42a142067a22272b795ca3dc7d00cd0ead38f2e8afeee83891505cae5171a1,single-label-classification,Violation.Type,70340,3,Citation:32452|SERO:3506|Warning:34382,9.806617227609811,3506,20,,mixed,True,False,False,True,pass; raw-frame structural audit found no group/time/conflicting-profile issue,moderate_ir_5_to_20,True,,balanced_random_forest;class_weighted;random_over;random_under;raw;smoteenn;smotenc;smotetomek,Structural eligibility only; no benchmark scores inspected. duplicate_rows=99; conflicting_feature_groups=39; numeric_columns=1; categorical_columns=19.
openml_42585_penguins,penguins,OpenML,openml:42585,https://openml.org/data/v1/download/42585/penguins.arff,OpenML public; underlying source terms recorded in OpenML description,1,7a40e6acbfa91fd03023012034dca24d0b18fdf484acb1bb3d593feedbca93c7,single-label-classification,species,344,3,Adelie:152|Chinstrap:68|Gentoo:124,2.235294117647059,68,6,,mixed,True,False,False,False,pass; raw-frame structural audit found no group/time/conflicting-profile issue,mild_ir_2_to_5,True,,balanced_random_forest;class_weighted;random_over;random_under;raw;smoteenn;smotenc;smotetomek,Structural eligibility only; no benchmark scores inspected. duplicate_rows=0; conflicting_feature_groups=0; numeric_columns=4; categorical_columns=2.
openml_45714_pricerunner,PriceRunner,OpenML,openml:45714,https://openml.org/data/v1/download/45714/PriceRunner.arff,OpenML public; underlying source terms recorded in OpenML description,3,bf08cb8916e12deb231c3ac970d7feae84243318094c9f36069b8c9a76ce6f6c,single-label-classification,category_label,35300,10,CPUs:3860|Digital Cameras:2694|Dishwashers:3424|Freezers:2212|Fridge Freezers:5501|Fridges:3584|Microwaves:2342|Mobile Phones:4075|TVs:3564|Washing Machines:4044,2.486889692585895,2212,5,,mixed,False,False,False,False,pass; raw-frame structural audit found no group/time/conflicting-profile issue,mild_ir_2_to_5,True,,balanced_random_forest;class_weighted;random_over;random_under;raw;smoteenn;smotenc;smotetomek,Structural eligibility only; no benchmark scores inspected. duplicate_rows=0; conflicting_feature_groups=0; numeric_columns=4; categorical_columns=1.
openml_45968_braidflowsessionlevel,BraidFlowSessionLevel,OpenML,openml:45968,https://openml.org/data/v1/download/45968/BraidFlowSessionLevel.arff,OpenML public; underlying source terms recorded in OpenML description,1,a1e9100881f7cc7e2b8de531ef445d0004263c71380c09240411ce9d1083cbaa,single-label-classification,flow_state,2364,3,fall:676|flow:532|neutral:1156,2.172932330827068,532,123,,mixed,False,False,True,False,review-fail; manual provenance decision,mild_ir_2_to_5,False,time-like columns require time-aware validation: timestamp; exclude: session-level observations imply grouped dependence without a supported grouped split,balanced_random_forest;class_weighted;random_over;random_under;raw;smoteenn;smotenc;smotetomek,Structural eligibility only; no benchmark scores inspected. duplicate_rows=0; conflicting_feature_groups=0; numeric_columns=117; categorical_columns=6.
openml_46336_hayes_roth_clean,hayes-roth_clean,OpenML,openml:46336,https://openml.org/data/v1/download/46336/hayes-roth_clean.arff,OpenML public; underlying source terms recorded in OpenML description,1,26bd3aca4a16ba82c58d7b33828433668de770bcd2d2c3794131f5568dafb5cf,single-label-classification,class,160,3,1:65|2:64|3:31,2.096774193548387,31,4,,numeric,False,False,False,True,review-fail; manual provenance decision,mild_ir_2_to_5,False,exclude: cleaned duplicate OpenML task family with openml_329_hayes_roth; one underlying task counts once,adasyn;balanced_random_forest;borderline_smote;class_weighted;random_over;random_under;raw;smote;smoteenn;smotetomek,Structural eligibility only; no benchmark scores inspected. duplicate_rows=67; conflicting_feature_groups=9; numeric_columns=4; categorical_columns=0.
openml_46443_credit_risk_china,credit_risk_china,OpenML,openml:46443,https://openml.org/data/v1/download/46443/credit_risk_china.arff,OpenML public; underlying source terms recorded in OpenML description,1,be07ca45ed650cec58f2b015a4967475d46953c14306a4b3457f5792efe30869,single-label-classification,five_categories,27522,5,Concern:109|Loss:349|Normal:25516|Secondary:1445|Suspicious:103,247.72815533980582,103,27,,numeric,True,False,False,False,pass; raw-frame structural audit found no group/time/conflicting-profile issue,severe_ir_gt_20,True,,adasyn;balanced_random_forest;borderline_smote;class_weighted;random_over;random_under;raw;smote;smoteenn;smotetomek,Structural eligibility only; no benchmark scores inspected. duplicate_rows=0; conflicting_feature_groups=0; numeric_columns=27; categorical_columns=0.
openml_46519_credit_risk_modeling,Credit_Risk_Modeling,OpenML,openml:46519,https://openml.org/data/v1/download/46519/Credit_Risk_Modeling.arff,OpenML public; underlying source terms recorded in OpenML description,1,4d957019f08820aed95aabec924950a1dea57fec20a4bef71ad03dd366838d0f,single-label-classification,approved_flag,51336,4,P1:5803|P2:32199|P3:7452|P4:5882,5.54868171635361,5803,61,,mixed,False,False,False,False,pass; raw-frame structural audit found no group/time/conflicting-profile issue,moderate_ir_5_to_20,True,,balanced_random_forest;class_weighted;random_over;random_under;raw;smoteenn;smotenc;smotetomek,Structural eligibility only; no benchmark scores inspected. duplicate_rows=0; conflicting_feature_groups=0; numeric_columns=56; categorical_columns=5.
openml_46807_melbourne_airbnb,melbourne_airbnb,OpenML,openml:46807,https://openml.org/data/v1/download/46807/melbourne_airbnb.arff,OpenML public; underlying source terms recorded in OpenML description,2,6938419bb4fb2b9d52e4ef79b7b26f7f0b155e7a92c4f062c6bffb48fd4ee161,single-label-classification,price_label,18316,10,"""0"":1524|""1"":1672|""2"":1753|""3"":1587|""4"":871|""5"":2279|""6"":1934|""7"":1626|""8"":1731|""9"":3339",3.833524684270953,871,103,,mixed,True,False,False,False,review-fail; manual provenance decision,mild_ir_2_to_5,False,exclude: property/location and listing-time dependence cannot be separated with the retained fields,balanced_random_forest;class_weighted;random_over;random_under;raw;smoteenn;smotenc;smotetomek,Structural eligibility only; no benchmark scores inspected. duplicate_rows=0; conflicting_feature_groups=0; numeric_columns=84; categorical_columns=19.
openml_46936_internet_firewall,internet_firewall,OpenML,openml:46936,https://openml.org/data/v1/download/46936/internet_firewall.arff,OpenML public; underlying source terms recorded in OpenML description,1,e52a207ac03b806f79ee18ddf64750e8c351b36b047e569cc140ca4d8108389b,single-label-classification,Action,65532,4,allow:37640|deny:14987|drop:12851|reset-both:54,697.0370370370371,54,11,,numeric,False,False,False,True,pass; raw-frame structural audit found no group/time/conflicting-profile issue,severe_ir_gt_20,True,,adasyn;balanced_random_forest;borderline_smote;class_weighted;random_over;random_under;raw;smote;smoteenn;smotetomek,Structural eligibility only; no benchmark scores inspected. duplicate_rows=8362; conflicting_feature_groups=9; numeric_columns=11; categorical_columns=0.
openml_46943_mic,MIC,OpenML,openml:46943,https://openml.org/data/v1/download/46943/MIC.arff,OpenML public; underlying source terms recorded in OpenML description,2,986c24e5e90eb143b7d5821d7696496c03d67ed1ebb148168c583761a8733e89,single-label-classification,LET_IS,1699,8,alive:1428|asystole:27|cardiogenic_shock:110|myocardial_rupture:54|progress_congestive_heart_failure:23|pulmonary_edema:18|thromboembolism:12|ventricular_fibrillation:27,119.0,12,122,,mixed,True,False,False,False,pass; raw-frame structural audit found no group/time/conflicting-profile issue,severe_ir_gt_20,True,,balanced_random_forest;class_weighted;random_over;random_under;raw;smoteenn;smotenc;smotetomek,Structural eligibility only; no benchmark scores inspected. duplicate_rows=0; conflicting_feature_groups=0; numeric_columns=17; categorical_columns=105.
openml_46955_sdss17,SDSS17,OpenML,openml:46955,https://openml.org/data/v1/download/46955/SDSS17.arff,OpenML public; underlying source terms recorded in OpenML description,1,3b942ff1243018fec4eab8ca1fed401df9f5880e95e3f1d8fbbbad8bd6e8d7e8,single-label-classification,ObjectType,78053,3,GALAXY:47613|QSO:13994|STAR:16446,3.402386737173074,13994,11,,mixed,False,False,False,False,review-fail; manual provenance decision,mild_ir_2_to_5,False,exclude: astronomy source grouping/provenance is unresolved for row-wise IID folds,balanced_random_forest;class_weighted;random_over;random_under;raw;smoteenn;smotenc;smotetomek,Structural eligibility only; no benchmark scores inspected. duplicate_rows=0; conflicting_feature_groups=0; numeric_columns=9; categorical_columns=2.
openml_46960_students_dropout_and_academic_success,students_dropout_and_academic_success,OpenML,openml:46960,https://openml.org/data/v1/download/46960/students_dropout_and_academic_success.arff,OpenML public; underlying source terms recorded in OpenML description,1,cbbe4c14084acdb655e997ae9f2d3eb0737a4ad01df371dd2a0cab1939058e20,single-label-classification,AcademicOutcome,4424,3,Dropout:1421|Enrolled:794|Graduate:2209,2.782115869017632,794,36,,mixed,False,False,False,False,pass; raw-frame structural audit found no group/time/conflicting-profile issue,mild_ir_2_to_5,True,,balanced_random_forest;class_weighted;random_over;random_under;raw;smoteenn;smotenc;smotetomek,Structural eligibility only; no benchmark scores inspected. duplicate_rows=0; conflicting_feature_groups=0; numeric_columns=19; categorical_columns=17.
